{"cameraMode":{"drawMode":0,"name":"Shaded","section":"Shading Mode"},"sceneLighting":true,"audioPlay":false,"sceneViewState":{"m_AlwaysRefresh":false,"showFog":false,"showSkybox":false,"showFlares":false,"showImageEffects":true,"showParticleSystems":true,"showVisualEffectGraphs":true,"m_FxEnabled":true},"in2DMode":false,"pivot":{"x":310.04742431640627,"y":145.54161071777345,"z":328.1119689941406},"rotation":{"x":-0.09408695995807648,"y":0.9012187719345093,"z":-0.24681054055690766,"w":-0.34354889392852785},"size":1.9059932231903077,"orthographic":false}